PATH,ACTUAL FLOW,Date,Time
British Columbia,-586,2021-03-20,12:34
Montana,-225,2021-03-20,12:34
Saskatchewan,0,2021-03-20,12:34
TOTAL,-811,2021-03-20,12:34
﻿British Columbia,-590,2021-03-20,12:36
Montana,-224,2021-03-20,12:36
Saskatchewan,0,2021-03-20,12:36
TOTAL,-814,2021-03-20,12:36
﻿British Columbia,-567,2021-03-20,12:38
Montana,-228,2021-03-20,12:38
Saskatchewan,0,2021-03-20,12:38
TOTAL,-795,2021-03-20,12:38
﻿British Columbia,-561,2021-03-20,12:40
Montana,-213,2021-03-20,12:40
Saskatchewan,0,2021-03-20,12:40
TOTAL,-774,2021-03-20,12:40
﻿British Columbia,-569,2021-03-20,12:42
Montana,-224,2021-03-20,12:42
Saskatchewan,0,2021-03-20,12:42
TOTAL,-793,2021-03-20,12:42
﻿British Columbia,-595,2021-03-20,12:44
Montana,-229,2021-03-20,12:44
Saskatchewan,0,2021-03-20,12:44
TOTAL,-824,2021-03-20,12:44
﻿British Columbia,-578,2021-03-20,12:46
Montana,-223,2021-03-20,12:46
Saskatchewan,0,2021-03-20,12:46
TOTAL,-801,2021-03-20,12:46
﻿British Columbia,-575,2021-03-20,12:49
Montana,-223,2021-03-20,12:49
Saskatchewan,0,2021-03-20,12:49
TOTAL,-798,2021-03-20,12:49
﻿British Columbia,-583,2021-03-20,12:51
Montana,-219,2021-03-20,12:51
Saskatchewan,0,2021-03-20,12:51
TOTAL,-802,2021-03-20,12:51
﻿British Columbia,-571,2021-03-20,12:53
Montana,-213,2021-03-20,12:53
Saskatchewan,0,2021-03-20,12:53
TOTAL,-784,2021-03-20,12:53
﻿British Columbia,-548,2021-03-20,12:55
Montana,-211,2021-03-20,12:55
Saskatchewan,0,2021-03-20,12:55
TOTAL,-759,2021-03-20,12:55
﻿British Columbia,-561,2021-03-20,12:57
Montana,-219,2021-03-20,12:57
Saskatchewan,0,2021-03-20,12:57
TOTAL,-780,2021-03-20,12:57
﻿British Columbia,-568,2021-03-20,12:59
Montana,-218,2021-03-20,12:59
Saskatchewan,0,2021-03-20,12:59
TOTAL,-786,2021-03-20,12:59
﻿British Columbia,-585,2021-03-20,13:01
Montana,-227,2021-03-20,13:01
Saskatchewan,0,2021-03-20,13:01
TOTAL,-812,2021-03-20,13:01
﻿British Columbia,-615,2021-03-20,13:03
Montana,-235,2021-03-20,13:03
Saskatchewan,0,2021-03-20,13:03
TOTAL,-850,2021-03-20,13:03
﻿British Columbia,-582,2021-03-20,13:05
Montana,-222,2021-03-20,13:05
Saskatchewan,0,2021-03-20,13:05
TOTAL,-804,2021-03-20,13:05
﻿British Columbia,-558,2021-03-20,13:07
Montana,-220,2021-03-20,13:07
Saskatchewan,0,2021-03-20,13:07
TOTAL,-778,2021-03-20,13:07
﻿British Columbia,-553,2021-03-20,13:09
Montana,-227,2021-03-20,13:09
Saskatchewan,0,2021-03-20,13:09
TOTAL,-780,2021-03-20,13:09
﻿British Columbia,-580,2021-03-20,13:11
Montana,-232,2021-03-20,13:11
Saskatchewan,0,2021-03-20,13:11
TOTAL,-812,2021-03-20,13:11
﻿British Columbia,-603,2021-03-20,13:13
Montana,-234,2021-03-20,13:13
Saskatchewan,0,2021-03-20,13:13
TOTAL,-837,2021-03-20,13:13
﻿British Columbia,-582,2021-03-20,13:15
Montana,-225,2021-03-20,13:15
Saskatchewan,0,2021-03-20,13:15
TOTAL,-807,2021-03-20,13:15
﻿British Columbia,-573,2021-03-20,13:17
Montana,-228,2021-03-20,13:17
Saskatchewan,0,2021-03-20,13:17
TOTAL,-801,2021-03-20,13:17
﻿British Columbia,-554,2021-03-20,13:19
Montana,-232,2021-03-20,13:19
Saskatchewan,0,2021-03-20,13:19
TOTAL,-786,2021-03-20,13:19
﻿British Columbia,-526,2021-03-20,13:21
Montana,-218,2021-03-20,13:21
Saskatchewan,0,2021-03-20,13:21
TOTAL,-744,2021-03-20,13:21
﻿British Columbia,-530,2021-03-20,13:23
Montana,-224,2021-03-20,13:23
Saskatchewan,0,2021-03-20,13:23
TOTAL,-754,2021-03-20,13:23
﻿British Columbia,-523,2021-03-20,13:25
Montana,-235,2021-03-20,13:25
Saskatchewan,0,2021-03-20,13:25
TOTAL,-758,2021-03-20,13:25
﻿British Columbia,-514,2021-03-20,13:27
Montana,-222,2021-03-20,13:27
Saskatchewan,0,2021-03-20,13:27
TOTAL,-736,2021-03-20,13:27
﻿British Columbia,-549,2021-03-20,13:29
Montana,-236,2021-03-20,13:29
Saskatchewan,0,2021-03-20,13:29
TOTAL,-785,2021-03-20,13:29
﻿British Columbia,-549,2021-03-20,13:31
Montana,-239,2021-03-20,13:31
Saskatchewan,0,2021-03-20,13:31
TOTAL,-788,2021-03-20,13:31
﻿British Columbia,-599,2021-03-20,13:34
Montana,-250,2021-03-20,13:34
Saskatchewan,0,2021-03-20,13:34
TOTAL,-849,2021-03-20,13:34
﻿British Columbia,-583,2021-03-20,13:36
Montana,-236,2021-03-20,13:36
Saskatchewan,0,2021-03-20,13:36
TOTAL,-819,2021-03-20,13:36
﻿British Columbia,-533,2021-03-20,13:38
Montana,-228,2021-03-20,13:38
Saskatchewan,0,2021-03-20,13:38
TOTAL,-761,2021-03-20,13:38
﻿British Columbia,-580,2021-03-20,13:40
Montana,-242,2021-03-20,13:40
Saskatchewan,0,2021-03-20,13:40
TOTAL,-822,2021-03-20,13:40
﻿British Columbia,-608,2021-03-20,13:42
Montana,-258,2021-03-20,13:42
Saskatchewan,0,2021-03-20,13:42
TOTAL,-866,2021-03-20,13:42
﻿British Columbia,-581,2021-03-20,13:44
Montana,-242,2021-03-20,13:44
Saskatchewan,0,2021-03-20,13:44
TOTAL,-823,2021-03-20,13:44
﻿British Columbia,-565,2021-03-20,13:46
Montana,-232,2021-03-20,13:46
Saskatchewan,0,2021-03-20,13:46
TOTAL,-797,2021-03-20,13:46
﻿British Columbia,-567,2021-03-20,13:48
Montana,-233,2021-03-20,13:48
Saskatchewan,0,2021-03-20,13:48
TOTAL,-800,2021-03-20,13:48
﻿British Columbia,-546,2021-03-20,13:50
Montana,-239,2021-03-20,13:50
Saskatchewan,0,2021-03-20,13:50
TOTAL,-785,2021-03-20,13:50
﻿British Columbia,-548,2021-03-20,13:52
Montana,-231,2021-03-20,13:52
Saskatchewan,0,2021-03-20,13:52
TOTAL,-779,2021-03-20,13:52
﻿British Columbia,-545,2021-03-20,13:54
Montana,-229,2021-03-20,13:54
Saskatchewan,0,2021-03-20,13:54
TOTAL,-774,2021-03-20,13:54
﻿British Columbia,-551,2021-03-20,13:56
Montana,-234,2021-03-20,13:56
Saskatchewan,0,2021-03-20,13:56
TOTAL,-785,2021-03-20,13:56
﻿British Columbia,-556,2021-03-20,13:58
Montana,-235,2021-03-20,13:58
Saskatchewan,0,2021-03-20,13:58
TOTAL,-791,2021-03-20,13:58
﻿British Columbia,-567,2021-03-20,14:00
Montana,-233,2021-03-20,14:00
Saskatchewan,0,2021-03-20,14:00
TOTAL,-800,2021-03-20,14:00
﻿British Columbia,-546,2021-03-20,14:02
Montana,-235,2021-03-20,14:02
Saskatchewan,0,2021-03-20,14:02
TOTAL,-781,2021-03-20,14:02
﻿British Columbia,-556,2021-03-20,14:04
Montana,-233,2021-03-20,14:04
Saskatchewan,0,2021-03-20,14:04
TOTAL,-789,2021-03-20,14:04
﻿British Columbia,-531,2021-03-20,14:06
Montana,-230,2021-03-20,14:06
Saskatchewan,0,2021-03-20,14:06
TOTAL,-761,2021-03-20,14:06
﻿British Columbia,-567,2021-03-20,14:08
Montana,-231,2021-03-20,14:08
Saskatchewan,0,2021-03-20,14:08
TOTAL,-798,2021-03-20,14:08
﻿British Columbia,-584,2021-03-20,14:10
Montana,-242,2021-03-20,14:10
Saskatchewan,0,2021-03-20,14:10
TOTAL,-826,2021-03-20,14:10
﻿British Columbia,-618,2021-03-20,14:12
Montana,-231,2021-03-20,14:12
Saskatchewan,0,2021-03-20,14:12
TOTAL,-849,2021-03-20,14:12
﻿British Columbia,-617,2021-03-20,14:15
Montana,-238,2021-03-20,14:15
Saskatchewan,0,2021-03-20,14:15
TOTAL,-855,2021-03-20,14:15
﻿British Columbia,-609,2021-03-20,14:17
Montana,-235,2021-03-20,14:17
Saskatchewan,0,2021-03-20,14:17
TOTAL,-844,2021-03-20,14:17
﻿British Columbia,-612,2021-03-20,14:19
Montana,-233,2021-03-20,14:19
Saskatchewan,0,2021-03-20,14:19
TOTAL,-845,2021-03-20,14:19
﻿British Columbia,-595,2021-03-20,14:21
Montana,-234,2021-03-20,14:21
Saskatchewan,0,2021-03-20,14:21
TOTAL,-829,2021-03-20,14:21
﻿British Columbia,-599,2021-03-20,14:23
Montana,-230,2021-03-20,14:23
Saskatchewan,0,2021-03-20,14:23
TOTAL,-829,2021-03-20,14:23
﻿British Columbia,-605,2021-03-20,14:25
Montana,-234,2021-03-20,14:25
Saskatchewan,0,2021-03-20,14:25
TOTAL,-839,2021-03-20,14:25
﻿British Columbia,-613,2021-03-20,14:27
Montana,-246,2021-03-20,14:27
Saskatchewan,0,2021-03-20,14:27
TOTAL,-859,2021-03-20,14:27
﻿British Columbia,-613,2021-03-20,14:29
Montana,-245,2021-03-20,14:29
Saskatchewan,0,2021-03-20,14:29
TOTAL,-858,2021-03-20,14:29
﻿British Columbia,-582,2021-03-20,14:31
Montana,-234,2021-03-20,14:31
Saskatchewan,0,2021-03-20,14:31
TOTAL,-816,2021-03-20,14:31
﻿British Columbia,-594,2021-03-20,14:33
Montana,-237,2021-03-20,14:33
Saskatchewan,0,2021-03-20,14:33
TOTAL,-831,2021-03-20,14:33
﻿British Columbia,-555,2021-03-20,14:37
Montana,-238,2021-03-20,14:37
Saskatchewan,0,2021-03-20,14:37
TOTAL,-793,2021-03-20,14:37
﻿British Columbia,-587,2021-03-20,14:39
Montana,-252,2021-03-20,14:39
Saskatchewan,0,2021-03-20,14:39
TOTAL,-839,2021-03-20,14:39
﻿British Columbia,-598,2021-03-20,14:41
Montana,-243,2021-03-20,14:41
Saskatchewan,0,2021-03-20,14:41
TOTAL,-841,2021-03-20,14:41
﻿British Columbia,-573,2021-03-20,14:43
Montana,-235,2021-03-20,14:43
Saskatchewan,0,2021-03-20,14:43
TOTAL,-808,2021-03-20,14:43
﻿British Columbia,-576,2021-03-20,14:45
Montana,-241,2021-03-20,14:45
Saskatchewan,0,2021-03-20,14:45
TOTAL,-817,2021-03-20,14:45
﻿British Columbia,-570,2021-03-20,14:47
Montana,-242,2021-03-20,14:47
Saskatchewan,0,2021-03-20,14:47
TOTAL,-812,2021-03-20,14:47
﻿British Columbia,-550,2021-03-20,14:49
Montana,-236,2021-03-20,14:49
Saskatchewan,0,2021-03-20,14:49
TOTAL,-786,2021-03-20,14:49
﻿British Columbia,-579,2021-03-20,14:52
Montana,-220,2021-03-20,14:52
Saskatchewan,0,2021-03-20,14:52
TOTAL,-799,2021-03-20,14:52
﻿British Columbia,-579,2021-03-20,14:54
Montana,-222,2021-03-20,14:54
Saskatchewan,0,2021-03-20,14:54
TOTAL,-801,2021-03-20,14:54
﻿British Columbia,-608,2021-03-20,14:56
Montana,-224,2021-03-20,14:56
Saskatchewan,0,2021-03-20,14:56
TOTAL,-832,2021-03-20,14:56
﻿British Columbia,-583,2021-03-20,14:58
Montana,-230,2021-03-20,14:58
Saskatchewan,0,2021-03-20,14:58
TOTAL,-813,2021-03-20,14:58
﻿British Columbia,-580,2021-03-20,15:00
Montana,-237,2021-03-20,15:00
Saskatchewan,0,2021-03-20,15:00
TOTAL,-817,2021-03-20,15:00
﻿British Columbia,-566,2021-03-20,15:02
Montana,-232,2021-03-20,15:02
Saskatchewan,0,2021-03-20,15:02
TOTAL,-798,2021-03-20,15:02
﻿British Columbia,-521,2021-03-20,15:04
Montana,-232,2021-03-20,15:04
Saskatchewan,0,2021-03-20,15:04
TOTAL,-753,2021-03-20,15:04
﻿British Columbia,-521,2021-03-20,15:06
Montana,-239,2021-03-20,15:06
Saskatchewan,0,2021-03-20,15:06
TOTAL,-760,2021-03-20,15:06
﻿British Columbia,-551,2021-03-20,15:08
Montana,-250,2021-03-20,15:08
Saskatchewan,0,2021-03-20,15:08
TOTAL,-801,2021-03-20,15:08
﻿British Columbia,-556,2021-03-20,15:10
Montana,-254,2021-03-20,15:10
Saskatchewan,0,2021-03-20,15:10
TOTAL,-810,2021-03-20,15:10
﻿British Columbia,-552,2021-03-20,15:12
Montana,-249,2021-03-20,15:12
Saskatchewan,0,2021-03-20,15:12
TOTAL,-801,2021-03-20,15:12
﻿British Columbia,-555,2021-03-20,15:14
Montana,-243,2021-03-20,15:14
Saskatchewan,0,2021-03-20,15:14
TOTAL,-798,2021-03-20,15:14
﻿British Columbia,-580,2021-03-20,15:16
Montana,-270,2021-03-20,15:16
Saskatchewan,0,2021-03-20,15:16
TOTAL,-850,2021-03-20,15:16
﻿British Columbia,-611,2021-03-20,15:18
Montana,-246,2021-03-20,15:18
Saskatchewan,0,2021-03-20,15:18
TOTAL,-857,2021-03-20,15:18
﻿British Columbia,-555,2021-03-20,15:20
Montana,-235,2021-03-20,15:20
Saskatchewan,0,2021-03-20,15:20
TOTAL,-790,2021-03-20,15:20
﻿British Columbia,-567,2021-03-20,15:22
Montana,-236,2021-03-20,15:22
Saskatchewan,0,2021-03-20,15:22
TOTAL,-803,2021-03-20,15:22
﻿British Columbia,-561,2021-03-20,15:24
Montana,-239,2021-03-20,15:24
Saskatchewan,0,2021-03-20,15:24
TOTAL,-800,2021-03-20,15:24
﻿British Columbia,-578,2021-03-20,15:26
Montana,-241,2021-03-20,15:26
Saskatchewan,0,2021-03-20,15:26
TOTAL,-819,2021-03-20,15:26
﻿British Columbia,-607,2021-03-20,15:28
Montana,-243,2021-03-20,15:28
Saskatchewan,0,2021-03-20,15:28
TOTAL,-850,2021-03-20,15:28
﻿British Columbia,-587,2021-03-20,15:30
Montana,-240,2021-03-20,15:30
Saskatchewan,0,2021-03-20,15:30
TOTAL,-827,2021-03-20,15:30
﻿British Columbia,-568,2021-03-20,15:32
Montana,-246,2021-03-20,15:32
Saskatchewan,0,2021-03-20,15:32
TOTAL,-814,2021-03-20,15:32
﻿British Columbia,-588,2021-03-20,15:35
Montana,-254,2021-03-20,15:35
Saskatchewan,0,2021-03-20,15:35
TOTAL,-842,2021-03-20,15:35
﻿British Columbia,-572,2021-03-20,15:37
Montana,-244,2021-03-20,15:37
Saskatchewan,0,2021-03-20,15:37
TOTAL,-816,2021-03-20,15:37
﻿British Columbia,-585,2021-03-20,15:39
Montana,-249,2021-03-20,15:39
Saskatchewan,0,2021-03-20,15:39
TOTAL,-834,2021-03-20,15:39
﻿British Columbia,-576,2021-03-20,15:41
Montana,-245,2021-03-20,15:41
Saskatchewan,0,2021-03-20,15:41
TOTAL,-821,2021-03-20,15:41
﻿British Columbia,-584,2021-03-20,15:43
Montana,-251,2021-03-20,15:43
Saskatchewan,0,2021-03-20,15:43
TOTAL,-835,2021-03-20,15:43
﻿British Columbia,-579,2021-03-20,15:45
Montana,-246,2021-03-20,15:45
Saskatchewan,0,2021-03-20,15:45
TOTAL,-825,2021-03-20,15:45
﻿British Columbia,-563,2021-03-20,15:47
Montana,-238,2021-03-20,15:47
Saskatchewan,0,2021-03-20,15:47
TOTAL,-801,2021-03-20,15:47
﻿British Columbia,-565,2021-03-20,15:49
Montana,-234,2021-03-20,15:49
Saskatchewan,0,2021-03-20,15:49
TOTAL,-799,2021-03-20,15:49
﻿British Columbia,-540,2021-03-20,15:51
Montana,-250,2021-03-20,15:51
Saskatchewan,0,2021-03-20,15:51
TOTAL,-790,2021-03-20,15:51
﻿British Columbia,-563,2021-03-20,15:53
Montana,-248,2021-03-20,15:53
Saskatchewan,0,2021-03-20,15:53
TOTAL,-811,2021-03-20,15:53
﻿British Columbia,-555,2021-03-20,15:55
Montana,-235,2021-03-20,15:55
Saskatchewan,0,2021-03-20,15:55
TOTAL,-790,2021-03-20,15:55
﻿British Columbia,-553,2021-03-20,15:57
Montana,-240,2021-03-20,15:57
Saskatchewan,0,2021-03-20,15:57
TOTAL,-793,2021-03-20,15:57
﻿British Columbia,-566,2021-03-20,15:59
Montana,-234,2021-03-20,15:59
Saskatchewan,0,2021-03-20,15:59
TOTAL,-800,2021-03-20,15:59
﻿British Columbia,-555,2021-03-20,16:01
Montana,-241,2021-03-20,16:01
Saskatchewan,0,2021-03-20,16:01
TOTAL,-796,2021-03-20,16:01
﻿British Columbia,-511,2021-03-20,16:03
Montana,-226,2021-03-20,16:03
Saskatchewan,0,2021-03-20,16:03
TOTAL,-737,2021-03-20,16:03
﻿British Columbia,-509,2021-03-20,16:05
Montana,-225,2021-03-20,16:05
Saskatchewan,0,2021-03-20,16:05
TOTAL,-734,2021-03-20,16:05
﻿British Columbia,-530,2021-03-20,16:07
Montana,-222,2021-03-20,16:07
Saskatchewan,0,2021-03-20,16:07
TOTAL,-752,2021-03-20,16:07
﻿British Columbia,-530,2021-03-20,16:09
Montana,-221,2021-03-20,16:09
Saskatchewan,0,2021-03-20,16:09
TOTAL,-751,2021-03-20,16:09
﻿British Columbia,-549,2021-03-20,16:11
Montana,-229,2021-03-20,16:11
Saskatchewan,0,2021-03-20,16:11
TOTAL,-778,2021-03-20,16:11
﻿British Columbia,-551,2021-03-20,16:13
Montana,-231,2021-03-20,16:13
Saskatchewan,0,2021-03-20,16:13
TOTAL,-782,2021-03-20,16:13
﻿British Columbia,-575,2021-03-20,16:16
Montana,-244,2021-03-20,16:16
Saskatchewan,0,2021-03-20,16:16
TOTAL,-819,2021-03-20,16:16
﻿British Columbia,-573,2021-03-20,16:18
Montana,-244,2021-03-20,16:18
Saskatchewan,0,2021-03-20,16:18
TOTAL,-817,2021-03-20,16:18
﻿British Columbia,-587,2021-03-20,16:20
Montana,-241,2021-03-20,16:20
Saskatchewan,0,2021-03-20,16:20
TOTAL,-828,2021-03-20,16:20
﻿British Columbia,-576,2021-03-20,16:22
Montana,-245,2021-03-20,16:22
Saskatchewan,0,2021-03-20,16:22
TOTAL,-821,2021-03-20,16:22
﻿British Columbia,-560,2021-03-20,16:24
Montana,-240,2021-03-20,16:24
Saskatchewan,0,2021-03-20,16:24
TOTAL,-800,2021-03-20,16:24
﻿British Columbia,-594,2021-03-20,16:26
Montana,-246,2021-03-20,16:26
Saskatchewan,0,2021-03-20,16:26
TOTAL,-840,2021-03-20,16:26
﻿British Columbia,-571,2021-03-20,16:28
Montana,-241,2021-03-20,16:28
Saskatchewan,0,2021-03-20,16:28
TOTAL,-812,2021-03-20,16:28
﻿British Columbia,-602,2021-03-20,16:30
Montana,-243,2021-03-20,16:30
Saskatchewan,0,2021-03-20,16:30
TOTAL,-845,2021-03-20,16:30
﻿British Columbia,-585,2021-03-20,16:32
Montana,-239,2021-03-20,16:32
Saskatchewan,0,2021-03-20,16:32
TOTAL,-824,2021-03-20,16:32
﻿British Columbia,-608,2021-03-20,16:34
Montana,-235,2021-03-20,16:34
Saskatchewan,0,2021-03-20,16:34
TOTAL,-843,2021-03-20,16:34
﻿British Columbia,-593,2021-03-20,16:36
Montana,-242,2021-03-20,16:36
Saskatchewan,0,2021-03-20,16:36
TOTAL,-835,2021-03-20,16:36
﻿British Columbia,-557,2021-03-20,16:38
Montana,-231,2021-03-20,16:38
Saskatchewan,0,2021-03-20,16:38
TOTAL,-788,2021-03-20,16:38
﻿British Columbia,-564,2021-03-20,16:40
Montana,-240,2021-03-20,16:40
Saskatchewan,0,2021-03-20,16:40
TOTAL,-804,2021-03-20,16:40
﻿British Columbia,-592,2021-03-20,16:42
Montana,-248,2021-03-20,16:42
Saskatchewan,0,2021-03-20,16:42
TOTAL,-840,2021-03-20,16:42
﻿British Columbia,-584,2021-03-20,16:44
Montana,-237,2021-03-20,16:44
Saskatchewan,0,2021-03-20,16:44
TOTAL,-821,2021-03-20,16:44
﻿British Columbia,-548,2021-03-20,16:46
Montana,-243,2021-03-20,16:46
Saskatchewan,0,2021-03-20,16:46
TOTAL,-791,2021-03-20,16:46
﻿British Columbia,-591,2021-03-20,16:48
Montana,-253,2021-03-20,16:48
Saskatchewan,0,2021-03-20,16:48
TOTAL,-844,2021-03-20,16:48
﻿British Columbia,-591,2021-03-20,16:50
Montana,-252,2021-03-20,16:50
Saskatchewan,0,2021-03-20,16:50
TOTAL,-843,2021-03-20,16:50
﻿British Columbia,-577,2021-03-20,16:52
Montana,-240,2021-03-20,16:52
Saskatchewan,0,2021-03-20,16:52
TOTAL,-817,2021-03-20,16:52
﻿British Columbia,-597,2021-03-20,16:54
Montana,-248,2021-03-20,16:54
Saskatchewan,0,2021-03-20,16:54
TOTAL,-845,2021-03-20,16:54
﻿British Columbia,-574,2021-03-20,16:56
Montana,-242,2021-03-20,16:56
Saskatchewan,0,2021-03-20,16:56
TOTAL,-816,2021-03-20,16:56
﻿British Columbia,-578,2021-03-20,16:59
Montana,-244,2021-03-20,16:59
Saskatchewan,0,2021-03-20,16:59
TOTAL,-822,2021-03-20,16:59
﻿British Columbia,-576,2021-03-20,17:01
Montana,-237,2021-03-20,17:01
Saskatchewan,0,2021-03-20,17:01
TOTAL,-813,2021-03-20,17:01
﻿British Columbia,-583,2021-03-20,17:03
Montana,-239,2021-03-20,17:03
Saskatchewan,0,2021-03-20,17:03
TOTAL,-822,2021-03-20,17:03
﻿British Columbia,-587,2021-03-20,17:05
Montana,-247,2021-03-20,17:05
Saskatchewan,0,2021-03-20,17:05
TOTAL,-834,2021-03-20,17:05
﻿British Columbia,-585,2021-03-20,17:07
Montana,-247,2021-03-20,17:07
Saskatchewan,0,2021-03-20,17:07
TOTAL,-832,2021-03-20,17:07
﻿British Columbia,-617,2021-03-20,17:09
Montana,-243,2021-03-20,17:09
Saskatchewan,0,2021-03-20,17:09
TOTAL,-860,2021-03-20,17:09
﻿British Columbia,-580,2021-03-20,17:11
Montana,-245,2021-03-20,17:11
Saskatchewan,0,2021-03-20,17:11
TOTAL,-825,2021-03-20,17:11
﻿British Columbia,-579,2021-03-20,17:13
Montana,-238,2021-03-20,17:13
Saskatchewan,0,2021-03-20,17:13
TOTAL,-817,2021-03-20,17:13
﻿British Columbia,-576,2021-03-20,17:15
Montana,-231,2021-03-20,17:15
Saskatchewan,0,2021-03-20,17:15
TOTAL,-807,2021-03-20,17:15
﻿British Columbia,-558,2021-03-20,17:17
Montana,-240,2021-03-20,17:17
Saskatchewan,0,2021-03-20,17:17
TOTAL,-798,2021-03-20,17:17
﻿British Columbia,-559,2021-03-20,17:19
Montana,-231,2021-03-20,17:19
Saskatchewan,0,2021-03-20,17:19
TOTAL,-790,2021-03-20,17:19
﻿British Columbia,-506,2021-03-20,17:21
Montana,-223,2021-03-20,17:21
Saskatchewan,0,2021-03-20,17:21
TOTAL,-729,2021-03-20,17:21
﻿British Columbia,-516,2021-03-20,17:23
Montana,-226,2021-03-20,17:23
Saskatchewan,0,2021-03-20,17:23
TOTAL,-742,2021-03-20,17:23
﻿British Columbia,-540,2021-03-20,17:25
Montana,-230,2021-03-20,17:25
Saskatchewan,0,2021-03-20,17:25
TOTAL,-770,2021-03-20,17:25
﻿British Columbia,-567,2021-03-20,17:27
Montana,-248,2021-03-20,17:27
Saskatchewan,0,2021-03-20,17:27
TOTAL,-815,2021-03-20,17:27
﻿British Columbia,-567,2021-03-20,17:29
Montana,-240,2021-03-20,17:29
Saskatchewan,0,2021-03-20,17:29
TOTAL,-807,2021-03-20,17:29
﻿British Columbia,-551,2021-03-20,17:31
Montana,-237,2021-03-20,17:31
Saskatchewan,0,2021-03-20,17:31
TOTAL,-788,2021-03-20,17:31
﻿British Columbia,-535,2021-03-20,17:33
Montana,-233,2021-03-20,17:33
Saskatchewan,0,2021-03-20,17:33
TOTAL,-768,2021-03-20,17:33
﻿British Columbia,-522,2021-03-20,17:35
Montana,-225,2021-03-20,17:35
Saskatchewan,0,2021-03-20,17:35
TOTAL,-747,2021-03-20,17:35
﻿British Columbia,-527,2021-03-20,17:38
Montana,-227,2021-03-20,17:38
Saskatchewan,0,2021-03-20,17:38
TOTAL,-754,2021-03-20,17:38
﻿British Columbia,-527,2021-03-20,17:40
Montana,-221,2021-03-20,17:40
Saskatchewan,0,2021-03-20,17:40
TOTAL,-748,2021-03-20,17:40
﻿British Columbia,-485,2021-03-20,17:42
Montana,-212,2021-03-20,17:42
Saskatchewan,0,2021-03-20,17:42
TOTAL,-697,2021-03-20,17:42
﻿British Columbia,-532,2021-03-20,17:44
Montana,-227,2021-03-20,17:44
Saskatchewan,0,2021-03-20,17:44
TOTAL,-759,2021-03-20,17:44
﻿British Columbia,-523,2021-03-20,17:46
Montana,-224,2021-03-20,17:46
Saskatchewan,0,2021-03-20,17:46
TOTAL,-747,2021-03-20,17:46
﻿British Columbia,-513,2021-03-20,17:48
Montana,-220,2021-03-20,17:48
Saskatchewan,0,2021-03-20,17:48
TOTAL,-733,2021-03-20,17:48
﻿British Columbia,-543,2021-03-20,17:50
Montana,-227,2021-03-20,17:50
Saskatchewan,0,2021-03-20,17:50
TOTAL,-770,2021-03-20,17:50
﻿British Columbia,-546,2021-03-20,17:52
Montana,-222,2021-03-20,17:52
Saskatchewan,0,2021-03-20,17:52
TOTAL,-768,2021-03-20,17:52
﻿British Columbia,-524,2021-03-20,17:54
Montana,-218,2021-03-20,17:54
Saskatchewan,0,2021-03-20,17:54
TOTAL,-742,2021-03-20,17:54
﻿British Columbia,-538,2021-03-20,17:56
Montana,-209,2021-03-20,17:56
Saskatchewan,0,2021-03-20,17:56
TOTAL,-747,2021-03-20,17:56
﻿British Columbia,-551,2021-03-20,17:58
Montana,-227,2021-03-20,17:58
Saskatchewan,0,2021-03-20,17:58
TOTAL,-778,2021-03-20,17:58
﻿British Columbia,-578,2021-03-20,18:00
Montana,-217,2021-03-20,18:00
Saskatchewan,0,2021-03-20,18:00
TOTAL,-795,2021-03-20,18:00
﻿British Columbia,-552,2021-03-20,18:02
Montana,-215,2021-03-20,18:02
Saskatchewan,0,2021-03-20,18:02
TOTAL,-767,2021-03-20,18:02
﻿British Columbia,-553,2021-03-20,18:04
Montana,-219,2021-03-20,18:04
Saskatchewan,0,2021-03-20,18:04
TOTAL,-772,2021-03-20,18:04
﻿British Columbia,-531,2021-03-20,18:06
Montana,-211,2021-03-20,18:06
Saskatchewan,0,2021-03-20,18:06
TOTAL,-742,2021-03-20,18:06
﻿British Columbia,-525,2021-03-20,18:08
Montana,-212,2021-03-20,18:08
Saskatchewan,0,2021-03-20,18:08
TOTAL,-737,2021-03-20,18:08
﻿British Columbia,-528,2021-03-20,18:10
Montana,-216,2021-03-20,18:10
Saskatchewan,0,2021-03-20,18:10
TOTAL,-744,2021-03-20,18:10
﻿British Columbia,-544,2021-03-20,18:12
Montana,-224,2021-03-20,18:12
Saskatchewan,0,2021-03-20,18:12
TOTAL,-768,2021-03-20,18:12
﻿British Columbia,-555,2021-03-20,18:14
Montana,-229,2021-03-20,18:14
Saskatchewan,0,2021-03-20,18:14
TOTAL,-784,2021-03-20,18:14
﻿British Columbia,-552,2021-03-20,18:16
Montana,-215,2021-03-20,18:16
Saskatchewan,0,2021-03-20,18:16
TOTAL,-767,2021-03-20,18:16
﻿British Columbia,-550,2021-03-20,18:18
Montana,-223,2021-03-20,18:18
Saskatchewan,0,2021-03-20,18:18
TOTAL,-773,2021-03-20,18:18
﻿British Columbia,-548,2021-03-20,18:20
Montana,-218,2021-03-20,18:20
Saskatchewan,0,2021-03-20,18:20
TOTAL,-766,2021-03-20,18:20
﻿British Columbia,-567,2021-03-20,18:23
Montana,-221,2021-03-20,18:23
Saskatchewan,0,2021-03-20,18:23
TOTAL,-788,2021-03-20,18:23
﻿British Columbia,-574,2021-03-20,18:25
Montana,-218,2021-03-20,18:25
Saskatchewan,0,2021-03-20,18:25
TOTAL,-792,2021-03-20,18:25
﻿British Columbia,-560,2021-03-20,18:27
Montana,-215,2021-03-20,18:27
Saskatchewan,0,2021-03-20,18:27
TOTAL,-775,2021-03-20,18:27
﻿British Columbia,-545,2021-03-20,18:29
Montana,-214,2021-03-20,18:29
Saskatchewan,0,2021-03-20,18:29
TOTAL,-759,2021-03-20,18:29
﻿British Columbia,-546,2021-03-20,18:31
Montana,-218,2021-03-20,18:31
Saskatchewan,0,2021-03-20,18:31
TOTAL,-764,2021-03-20,18:31
﻿British Columbia,-553,2021-03-20,18:33
Montana,-221,2021-03-20,18:33
Saskatchewan,0,2021-03-20,18:33
TOTAL,-774,2021-03-20,18:33
﻿British Columbia,-558,2021-03-20,18:35
Montana,-215,2021-03-20,18:35
Saskatchewan,0,2021-03-20,18:35
TOTAL,-773,2021-03-20,18:35
﻿British Columbia,-542,2021-03-20,18:37
Montana,-212,2021-03-20,18:37
Saskatchewan,0,2021-03-20,18:37
TOTAL,-754,2021-03-20,18:37
﻿British Columbia,-507,2021-03-20,18:39
Montana,-197,2021-03-20,18:39
Saskatchewan,0,2021-03-20,18:39
TOTAL,-704,2021-03-20,18:39
﻿British Columbia,-511,2021-03-20,18:41
Montana,-196,2021-03-20,18:41
Saskatchewan,0,2021-03-20,18:41
TOTAL,-707,2021-03-20,18:41
﻿British Columbia,-492,2021-03-20,18:43
Montana,-201,2021-03-20,18:43
Saskatchewan,0,2021-03-20,18:43
TOTAL,-693,2021-03-20,18:43
﻿British Columbia,-477,2021-03-20,18:45
Montana,-208,2021-03-20,18:45
Saskatchewan,0,2021-03-20,18:45
TOTAL,-685,2021-03-20,18:45
﻿British Columbia,-534,2021-03-20,18:47
Montana,-220,2021-03-20,18:47
Saskatchewan,0,2021-03-20,18:47
TOTAL,-754,2021-03-20,18:47
﻿British Columbia,-490,2021-03-20,18:49
Montana,-203,2021-03-20,18:49
Saskatchewan,0,2021-03-20,18:49
TOTAL,-693,2021-03-20,18:49
﻿British Columbia,-510,2021-03-20,18:51
Montana,-205,2021-03-20,18:51
Saskatchewan,0,2021-03-20,18:51
TOTAL,-715,2021-03-20,18:51
﻿British Columbia,-493,2021-03-20,18:53
Montana,-197,2021-03-20,18:53
Saskatchewan,0,2021-03-20,18:53
TOTAL,-690,2021-03-20,18:53
﻿British Columbia,-516,2021-03-20,18:55
Montana,-196,2021-03-20,18:55
Saskatchewan,0,2021-03-20,18:55
TOTAL,-712,2021-03-20,18:55
﻿British Columbia,-514,2021-03-20,18:57
Montana,-208,2021-03-20,18:57
Saskatchewan,0,2021-03-20,18:57
TOTAL,-722,2021-03-20,18:57
﻿British Columbia,-533,2021-03-20,18:59
Montana,-204,2021-03-20,18:59
Saskatchewan,0,2021-03-20,18:59
TOTAL,-737,2021-03-20,18:59
﻿British Columbia,-535,2021-03-20,19:01
Montana,-212,2021-03-20,19:01
Saskatchewan,0,2021-03-20,19:01
TOTAL,-747,2021-03-20,19:01
﻿British Columbia,-555,2021-03-20,19:04
Montana,-219,2021-03-20,19:04
Saskatchewan,0,2021-03-20,19:04
TOTAL,-774,2021-03-20,19:04
﻿British Columbia,-534,2021-03-20,19:06
Montana,-213,2021-03-20,19:06
Saskatchewan,0,2021-03-20,19:06
TOTAL,-747,2021-03-20,19:06
﻿British Columbia,-544,2021-03-20,19:08
Montana,-206,2021-03-20,19:08
Saskatchewan,0,2021-03-20,19:08
TOTAL,-750,2021-03-20,19:08
﻿British Columbia,-517,2021-03-20,19:10
Montana,-199,2021-03-20,19:10
Saskatchewan,0,2021-03-20,19:10
TOTAL,-716,2021-03-20,19:10
﻿British Columbia,-541,2021-03-20,19:12
Montana,-206,2021-03-20,19:12
Saskatchewan,0,2021-03-20,19:12
TOTAL,-747,2021-03-20,19:12
﻿British Columbia,-540,2021-03-20,19:14
Montana,-212,2021-03-20,19:14
Saskatchewan,0,2021-03-20,19:14
TOTAL,-752,2021-03-20,19:14
﻿British Columbia,-557,2021-03-20,19:16
Montana,-211,2021-03-20,19:16
Saskatchewan,0,2021-03-20,19:16
TOTAL,-768,2021-03-20,19:16
﻿British Columbia,-557,2021-03-20,19:18
Montana,-215,2021-03-20,19:18
Saskatchewan,0,2021-03-20,19:18
TOTAL,-772,2021-03-20,19:18
﻿British Columbia,-538,2021-03-20,19:20
Montana,-212,2021-03-20,19:20
Saskatchewan,0,2021-03-20,19:20
TOTAL,-750,2021-03-20,19:20
﻿British Columbia,-540,2021-03-20,19:22
Montana,-215,2021-03-20,19:22
Saskatchewan,0,2021-03-20,19:22
TOTAL,-755,2021-03-20,19:22
﻿British Columbia,-524,2021-03-20,19:24
Montana,-202,2021-03-20,19:24
Saskatchewan,0,2021-03-20,19:24
TOTAL,-726,2021-03-20,19:24
﻿British Columbia,-527,2021-03-20,19:26
Montana,-203,2021-03-20,19:26
Saskatchewan,0,2021-03-20,19:26
TOTAL,-730,2021-03-20,19:26
﻿British Columbia,-543,2021-03-20,19:28
Montana,-217,2021-03-20,19:28
Saskatchewan,0,2021-03-20,19:28
TOTAL,-760,2021-03-20,19:28
﻿British Columbia,-554,2021-03-20,19:30
Montana,-209,2021-03-20,19:30
Saskatchewan,0,2021-03-20,19:30
TOTAL,-763,2021-03-20,19:30
﻿British Columbia,-558,2021-03-20,19:32
Montana,-216,2021-03-20,19:32
Saskatchewan,0,2021-03-20,19:32
TOTAL,-774,2021-03-20,19:32
﻿British Columbia,-553,2021-03-20,19:34
Montana,-212,2021-03-20,19:34
Saskatchewan,0,2021-03-20,19:34
TOTAL,-765,2021-03-20,19:34
﻿British Columbia,-531,2021-03-20,19:36
Montana,-205,2021-03-20,19:36
Saskatchewan,0,2021-03-20,19:36
TOTAL,-736,2021-03-20,19:36
﻿British Columbia,-534,2021-03-20,19:38
Montana,-202,2021-03-20,19:38
Saskatchewan,0,2021-03-20,19:38
TOTAL,-736,2021-03-20,19:38
﻿British Columbia,-539,2021-03-20,19:40
Montana,-200,2021-03-20,19:40
Saskatchewan,0,2021-03-20,19:40
TOTAL,-739,2021-03-20,19:40
﻿British Columbia,-547,2021-03-20,19:43
Montana,-207,2021-03-20,19:43
Saskatchewan,0,2021-03-20,19:43
TOTAL,-754,2021-03-20,19:43
﻿British Columbia,-557,2021-03-20,19:45
Montana,-213,2021-03-20,19:45
Saskatchewan,0,2021-03-20,19:45
TOTAL,-770,2021-03-20,19:45
﻿British Columbia,-567,2021-03-20,19:47
Montana,-212,2021-03-20,19:47
Saskatchewan,0,2021-03-20,19:47
TOTAL,-779,2021-03-20,19:47
﻿British Columbia,-546,2021-03-20,19:49
Montana,-207,2021-03-20,19:49
Saskatchewan,0,2021-03-20,19:49
TOTAL,-753,2021-03-20,19:49
﻿British Columbia,-549,2021-03-20,19:51
Montana,-219,2021-03-20,19:51
Saskatchewan,0,2021-03-20,19:51
TOTAL,-768,2021-03-20,19:51
﻿British Columbia,-562,2021-03-20,19:53
Montana,-221,2021-03-20,19:53
Saskatchewan,0,2021-03-20,19:53
TOTAL,-783,2021-03-20,19:53
﻿British Columbia,-537,2021-03-20,19:55
Montana,-213,2021-03-20,19:55
Saskatchewan,0,2021-03-20,19:55
TOTAL,-750,2021-03-20,19:55
﻿British Columbia,-575,2021-03-20,19:57
Montana,-219,2021-03-20,19:57
Saskatchewan,0,2021-03-20,19:57
TOTAL,-794,2021-03-20,19:57
﻿British Columbia,-575,2021-03-20,19:59
Montana,-222,2021-03-20,19:59
Saskatchewan,0,2021-03-20,19:59
TOTAL,-797,2021-03-20,19:59
﻿British Columbia,-576,2021-03-20,20:01
Montana,-217,2021-03-20,20:01
Saskatchewan,0,2021-03-20,20:01
TOTAL,-793,2021-03-20,20:01
﻿British Columbia,-570,2021-03-20,20:03
Montana,-210,2021-03-20,20:03
Saskatchewan,0,2021-03-20,20:03
TOTAL,-780,2021-03-20,20:03
﻿British Columbia,-584,2021-03-20,20:05
Montana,-205,2021-03-20,20:05
Saskatchewan,0,2021-03-20,20:05
TOTAL,-789,2021-03-20,20:05
﻿British Columbia,-573,2021-03-20,20:07
Montana,-201,2021-03-20,20:07
Saskatchewan,0,2021-03-20,20:07
TOTAL,-774,2021-03-20,20:07
﻿British Columbia,-559,2021-03-20,20:09
Montana,-201,2021-03-20,20:09
Saskatchewan,0,2021-03-20,20:09
TOTAL,-760,2021-03-20,20:09
﻿British Columbia,-539,2021-03-20,20:11
Montana,-195,2021-03-20,20:11
Saskatchewan,0,2021-03-20,20:11
TOTAL,-734,2021-03-20,20:11
﻿British Columbia,-541,2021-03-20,20:13
Montana,-198,2021-03-20,20:13
Saskatchewan,0,2021-03-20,20:13
TOTAL,-739,2021-03-20,20:13
﻿British Columbia,-534,2021-03-20,20:15
Montana,-203,2021-03-20,20:15
Saskatchewan,0,2021-03-20,20:15
TOTAL,-737,2021-03-20,20:15
﻿British Columbia,-517,2021-03-20,20:17
Montana,-210,2021-03-20,20:17
Saskatchewan,0,2021-03-20,20:17
TOTAL,-727,2021-03-20,20:17
﻿British Columbia,-531,2021-03-20,20:20
Montana,-219,2021-03-20,20:20
Saskatchewan,0,2021-03-20,20:20
TOTAL,-750,2021-03-20,20:20
﻿British Columbia,-524,2021-03-20,20:22
Montana,-215,2021-03-20,20:22
Saskatchewan,0,2021-03-20,20:22
TOTAL,-739,2021-03-20,20:22
﻿British Columbia,-515,2021-03-20,20:24
Montana,-211,2021-03-20,20:24
Saskatchewan,0,2021-03-20,20:24
TOTAL,-726,2021-03-20,20:24
﻿British Columbia,-537,2021-03-20,20:26
Montana,-218,2021-03-20,20:26
Saskatchewan,0,2021-03-20,20:26
TOTAL,-755,2021-03-20,20:26
﻿British Columbia,-523,2021-03-20,20:28
Montana,-215,2021-03-20,20:28
Saskatchewan,0,2021-03-20,20:28
TOTAL,-738,2021-03-20,20:28
﻿British Columbia,-550,2021-03-20,20:30
Montana,-220,2021-03-20,20:30
Saskatchewan,0,2021-03-20,20:30
TOTAL,-770,2021-03-20,20:30
﻿British Columbia,-538,2021-03-20,20:32
Montana,-219,2021-03-20,20:32
Saskatchewan,0,2021-03-20,20:32
TOTAL,-757,2021-03-20,20:32
﻿British Columbia,-546,2021-03-20,20:34
Montana,-222,2021-03-20,20:34
Saskatchewan,0,2021-03-20,20:34
TOTAL,-768,2021-03-20,20:34
﻿British Columbia,-524,2021-03-20,20:36
Montana,-225,2021-03-20,20:36
Saskatchewan,0,2021-03-20,20:36
TOTAL,-749,2021-03-20,20:36
﻿British Columbia,-530,2021-03-20,20:38
Montana,-222,2021-03-20,20:38
Saskatchewan,0,2021-03-20,20:38
TOTAL,-752,2021-03-20,20:38
﻿British Columbia,-538,2021-03-20,20:40
Montana,-227,2021-03-20,20:40
Saskatchewan,0,2021-03-20,20:40
TOTAL,-765,2021-03-20,20:40
﻿British Columbia,-534,2021-03-20,20:42
Montana,-225,2021-03-20,20:42
Saskatchewan,0,2021-03-20,20:42
TOTAL,-759,2021-03-20,20:42
﻿British Columbia,-534,2021-03-20,20:44
Montana,-226,2021-03-20,20:44
Saskatchewan,0,2021-03-20,20:44
TOTAL,-760,2021-03-20,20:44
﻿British Columbia,-538,2021-03-20,20:46
Montana,-230,2021-03-20,20:46
Saskatchewan,0,2021-03-20,20:46
TOTAL,-768,2021-03-20,20:46
﻿British Columbia,-523,2021-03-20,20:48
Montana,-219,2021-03-20,20:48
Saskatchewan,0,2021-03-20,20:48
TOTAL,-742,2021-03-20,20:48
﻿British Columbia,-514,2021-03-20,20:50
Montana,-225,2021-03-20,20:50
Saskatchewan,0,2021-03-20,20:50
TOTAL,-739,2021-03-20,20:50
﻿British Columbia,-512,2021-03-20,20:52
Montana,-231,2021-03-20,20:52
Saskatchewan,0,2021-03-20,20:52
TOTAL,-743,2021-03-20,20:52
﻿British Columbia,-538,2021-03-20,20:55
Montana,-232,2021-03-20,20:55
Saskatchewan,0,2021-03-20,20:55
TOTAL,-770,2021-03-20,20:55
﻿British Columbia,-529,2021-03-20,20:57
Montana,-232,2021-03-20,20:57
Saskatchewan,0,2021-03-20,20:57
TOTAL,-761,2021-03-20,20:57
﻿British Columbia,-507,2021-03-20,20:59
Montana,-224,2021-03-20,20:59
Saskatchewan,0,2021-03-20,20:59
TOTAL,-731,2021-03-20,20:59
﻿British Columbia,-506,2021-03-20,21:01
Montana,-225,2021-03-20,21:01
Saskatchewan,0,2021-03-20,21:01
TOTAL,-731,2021-03-20,21:01
﻿British Columbia,-507,2021-03-20,21:03
Montana,-219,2021-03-20,21:03
Saskatchewan,0,2021-03-20,21:03
TOTAL,-726,2021-03-20,21:03
﻿British Columbia,-569,2021-03-20,21:05
Montana,-219,2021-03-20,21:05
Saskatchewan,0,2021-03-20,21:05
TOTAL,-788,2021-03-20,21:05
﻿British Columbia,-557,2021-03-20,21:07
Montana,-224,2021-03-20,21:07
Saskatchewan,0,2021-03-20,21:07
TOTAL,-781,2021-03-20,21:07
﻿British Columbia,-563,2021-03-20,21:09
Montana,-234,2021-03-20,21:09
Saskatchewan,0,2021-03-20,21:09
TOTAL,-797,2021-03-20,21:09
﻿British Columbia,-559,2021-03-20,21:11
Montana,-229,2021-03-20,21:11
Saskatchewan,0,2021-03-20,21:11
TOTAL,-788,2021-03-20,21:11
﻿British Columbia,-553,2021-03-20,21:13
Montana,-231,2021-03-20,21:13
Saskatchewan,0,2021-03-20,21:13
TOTAL,-784,2021-03-20,21:13
﻿British Columbia,-561,2021-03-20,21:15
Montana,-233,2021-03-20,21:15
Saskatchewan,0,2021-03-20,21:15
TOTAL,-794,2021-03-20,21:15
﻿British Columbia,-566,2021-03-20,21:17
Montana,-235,2021-03-20,21:17
Saskatchewan,0,2021-03-20,21:17
TOTAL,-801,2021-03-20,21:17
﻿British Columbia,-566,2021-03-20,21:19
Montana,-247,2021-03-20,21:19
Saskatchewan,0,2021-03-20,21:19
TOTAL,-813,2021-03-20,21:19
﻿British Columbia,-568,2021-03-20,21:21
Montana,-251,2021-03-20,21:21
Saskatchewan,0,2021-03-20,21:21
TOTAL,-819,2021-03-20,21:21
﻿British Columbia,-570,2021-03-20,21:23
Montana,-240,2021-03-20,21:23
Saskatchewan,0,2021-03-20,21:23
TOTAL,-810,2021-03-20,21:23
﻿British Columbia,-583,2021-03-20,21:25
Montana,-242,2021-03-20,21:25
Saskatchewan,0,2021-03-20,21:25
TOTAL,-825,2021-03-20,21:25
﻿British Columbia,-580,2021-03-20,21:27
Montana,-231,2021-03-20,21:27
Saskatchewan,0,2021-03-20,21:27
TOTAL,-811,2021-03-20,21:27
﻿British Columbia,-589,2021-03-20,21:29
Montana,-228,2021-03-20,21:29
Saskatchewan,0,2021-03-20,21:29
TOTAL,-817,2021-03-20,21:29
﻿British Columbia,-597,2021-03-20,21:31
Montana,-226,2021-03-20,21:31
Saskatchewan,0,2021-03-20,21:31
TOTAL,-823,2021-03-20,21:31
﻿British Columbia,-599,2021-03-20,21:34
Montana,-230,2021-03-20,21:34
Saskatchewan,0,2021-03-20,21:34
TOTAL,-829,2021-03-20,21:34
﻿British Columbia,-591,2021-03-20,21:36
Montana,-229,2021-03-20,21:36
Saskatchewan,0,2021-03-20,21:36
TOTAL,-820,2021-03-20,21:36
﻿British Columbia,-584,2021-03-20,21:38
Montana,-231,2021-03-20,21:38
Saskatchewan,0,2021-03-20,21:38
TOTAL,-815,2021-03-20,21:38
﻿British Columbia,-591,2021-03-20,21:40
Montana,-234,2021-03-20,21:40
Saskatchewan,0,2021-03-20,21:40
TOTAL,-825,2021-03-20,21:40
﻿British Columbia,-581,2021-03-20,21:42
Montana,-232,2021-03-20,21:42
Saskatchewan,0,2021-03-20,21:42
TOTAL,-813,2021-03-20,21:42
﻿British Columbia,-580,2021-03-20,21:44
Montana,-229,2021-03-20,21:44
Saskatchewan,0,2021-03-20,21:44
TOTAL,-809,2021-03-20,21:44
﻿British Columbia,-562,2021-03-20,21:46
Montana,-228,2021-03-20,21:46
Saskatchewan,0,2021-03-20,21:46
TOTAL,-790,2021-03-20,21:46
﻿British Columbia,-551,2021-03-20,21:48
Montana,-226,2021-03-20,21:48
Saskatchewan,0,2021-03-20,21:48
TOTAL,-777,2021-03-20,21:48
﻿British Columbia,-565,2021-03-20,21:50
Montana,-228,2021-03-20,21:50
Saskatchewan,0,2021-03-20,21:50
TOTAL,-793,2021-03-20,21:50
﻿British Columbia,-566,2021-03-20,21:52
Montana,-237,2021-03-20,21:52
Saskatchewan,0,2021-03-20,21:52
TOTAL,-803,2021-03-20,21:52
﻿British Columbia,-570,2021-03-20,21:54
Montana,-232,2021-03-20,21:54
Saskatchewan,0,2021-03-20,21:54
TOTAL,-802,2021-03-20,21:54
﻿British Columbia,-557,2021-03-20,21:56
Montana,-236,2021-03-20,21:56
Saskatchewan,0,2021-03-20,21:56
TOTAL,-793,2021-03-20,21:56
﻿British Columbia,-563,2021-03-20,21:58
Montana,-235,2021-03-20,21:58
Saskatchewan,0,2021-03-20,21:58
TOTAL,-798,2021-03-20,21:58
﻿British Columbia,-520,2021-03-20,22:00
Montana,-235,2021-03-20,22:00
Saskatchewan,0,2021-03-20,22:00
TOTAL,-755,2021-03-20,22:00
﻿British Columbia,-543,2021-03-20,22:02
Montana,-238,2021-03-20,22:02
Saskatchewan,0,2021-03-20,22:02
TOTAL,-781,2021-03-20,22:02
﻿British Columbia,-561,2021-03-20,22:04
Montana,-253,2021-03-20,22:04
Saskatchewan,0,2021-03-20,22:04
TOTAL,-814,2021-03-20,22:04
﻿British Columbia,-590,2021-03-20,22:06
Montana,-242,2021-03-20,22:06
Saskatchewan,0,2021-03-20,22:06
TOTAL,-832,2021-03-20,22:06
﻿British Columbia,-597,2021-03-20,22:08
Montana,-241,2021-03-20,22:08
Saskatchewan,0,2021-03-20,22:08
TOTAL,-838,2021-03-20,22:08
﻿British Columbia,-591,2021-03-20,22:10
Montana,-236,2021-03-20,22:10
Saskatchewan,0,2021-03-20,22:10
TOTAL,-827,2021-03-20,22:10
﻿British Columbia,-583,2021-03-20,22:13
Montana,-245,2021-03-20,22:13
Saskatchewan,0,2021-03-20,22:13
TOTAL,-828,2021-03-20,22:13
﻿British Columbia,-597,2021-03-20,22:15
Montana,-242,2021-03-20,22:15
Saskatchewan,0,2021-03-20,22:15
TOTAL,-839,2021-03-20,22:15
﻿British Columbia,-582,2021-03-20,22:17
Montana,-240,2021-03-20,22:17
Saskatchewan,0,2021-03-20,22:17
TOTAL,-822,2021-03-20,22:17
﻿British Columbia,-587,2021-03-20,22:19
Montana,-247,2021-03-20,22:19
Saskatchewan,0,2021-03-20,22:19
TOTAL,-834,2021-03-20,22:19
﻿British Columbia,-592,2021-03-20,22:21
Montana,-245,2021-03-20,22:21
Saskatchewan,0,2021-03-20,22:21
TOTAL,-837,2021-03-20,22:21
﻿British Columbia,-596,2021-03-20,22:23
Montana,-241,2021-03-20,22:23
Saskatchewan,0,2021-03-20,22:23
TOTAL,-837,2021-03-20,22:23
﻿British Columbia,-608,2021-03-20,22:25
Montana,-247,2021-03-20,22:25
Saskatchewan,0,2021-03-20,22:25
TOTAL,-855,2021-03-20,22:25
﻿British Columbia,-616,2021-03-20,22:27
Montana,-239,2021-03-20,22:27
Saskatchewan,0,2021-03-20,22:27
TOTAL,-855,2021-03-20,22:27
﻿British Columbia,-616,2021-03-20,22:29
Montana,-240,2021-03-20,22:29
Saskatchewan,0,2021-03-20,22:29
TOTAL,-856,2021-03-20,22:29
﻿British Columbia,-604,2021-03-20,22:31
Montana,-237,2021-03-20,22:31
Saskatchewan,0,2021-03-20,22:31
TOTAL,-841,2021-03-20,22:31
﻿British Columbia,-599,2021-03-20,22:33
Montana,-232,2021-03-20,22:33
Saskatchewan,0,2021-03-20,22:33
TOTAL,-831,2021-03-20,22:33
﻿British Columbia,-607,2021-03-20,22:35
Montana,-235,2021-03-20,22:35
Saskatchewan,0,2021-03-20,22:35
TOTAL,-842,2021-03-20,22:35
﻿British Columbia,-613,2021-03-20,22:37
Montana,-235,2021-03-20,22:37
Saskatchewan,0,2021-03-20,22:37
TOTAL,-848,2021-03-20,22:37
﻿British Columbia,-589,2021-03-20,22:39
Montana,-239,2021-03-20,22:39
Saskatchewan,0,2021-03-20,22:39
TOTAL,-828,2021-03-20,22:39
﻿British Columbia,-584,2021-03-20,22:41
Montana,-227,2021-03-20,22:41
Saskatchewan,0,2021-03-20,22:41
TOTAL,-811,2021-03-20,22:41
﻿British Columbia,-628,2021-03-20,22:44
Montana,-234,2021-03-20,22:44
Saskatchewan,0,2021-03-20,22:44
TOTAL,-862,2021-03-20,22:44
﻿British Columbia,-604,2021-03-20,22:46
Montana,-234,2021-03-20,22:46
Saskatchewan,0,2021-03-20,22:46
TOTAL,-838,2021-03-20,22:46
﻿British Columbia,-611,2021-03-20,22:48
Montana,-233,2021-03-20,22:48
Saskatchewan,0,2021-03-20,22:48
TOTAL,-844,2021-03-20,22:48
﻿British Columbia,-593,2021-03-20,22:50
Montana,-228,2021-03-20,22:50
Saskatchewan,0,2021-03-20,22:50
TOTAL,-821,2021-03-20,22:50
﻿British Columbia,-576,2021-03-20,22:52
Montana,-212,2021-03-20,22:52
Saskatchewan,0,2021-03-20,22:52
TOTAL,-788,2021-03-20,22:52
﻿British Columbia,-537,2021-03-20,22:54
Montana,-205,2021-03-20,22:54
Saskatchewan,0,2021-03-20,22:54
TOTAL,-742,2021-03-20,22:54
﻿British Columbia,-494,2021-03-20,22:56
Montana,-216,2021-03-20,22:56
Saskatchewan,0,2021-03-20,22:56
TOTAL,-710,2021-03-20,22:56
﻿British Columbia,-471,2021-03-20,22:58
Montana,-232,2021-03-20,22:58
Saskatchewan,0,2021-03-20,22:58
TOTAL,-703,2021-03-20,22:58
﻿British Columbia,-447,2021-03-20,23:00
Montana,-228,2021-03-20,23:00
Saskatchewan,0,2021-03-20,23:00
TOTAL,-675,2021-03-20,23:00
﻿British Columbia,-423,2021-03-20,23:02
Montana,-248,2021-03-20,23:02
Saskatchewan,0,2021-03-20,23:02
TOTAL,-671,2021-03-20,23:02
﻿British Columbia,-426,2021-03-20,23:04
Montana,-243,2021-03-20,23:04
Saskatchewan,0,2021-03-20,23:04
TOTAL,-669,2021-03-20,23:04
﻿British Columbia,-352,2021-03-20,23:06
Montana,-244,2021-03-20,23:06
Saskatchewan,0,2021-03-20,23:06
TOTAL,-596,2021-03-20,23:06
﻿British Columbia,-337,2021-03-20,23:08
Montana,-265,2021-03-20,23:08
Saskatchewan,0,2021-03-20,23:08
TOTAL,-602,2021-03-20,23:08
﻿British Columbia,-341,2021-03-20,23:10
Montana,-268,2021-03-20,23:10
Saskatchewan,0,2021-03-20,23:10
TOTAL,-609,2021-03-20,23:10
﻿British Columbia,-375,2021-03-20,23:12
Montana,-293,2021-03-20,23:12
Saskatchewan,0,2021-03-20,23:12
TOTAL,-668,2021-03-20,23:12
﻿British Columbia,-350,2021-03-20,23:14
Montana,-292,2021-03-20,23:14
Saskatchewan,0,2021-03-20,23:14
TOTAL,-642,2021-03-20,23:14
﻿British Columbia,-360,2021-03-20,23:16
Montana,-297,2021-03-20,23:16
Saskatchewan,0,2021-03-20,23:16
TOTAL,-657,2021-03-20,23:16
﻿British Columbia,-340,2021-03-20,23:18
Montana,-289,2021-03-20,23:18
Saskatchewan,0,2021-03-20,23:18
TOTAL,-629,2021-03-20,23:18
﻿British Columbia,-364,2021-03-20,23:21
Montana,-290,2021-03-20,23:21
Saskatchewan,0,2021-03-20,23:21
TOTAL,-654,2021-03-20,23:21
﻿British Columbia,-347,2021-03-20,23:23
Montana,-298,2021-03-20,23:23
Saskatchewan,0,2021-03-20,23:23
TOTAL,-645,2021-03-20,23:23
﻿British Columbia,-357,2021-03-20,23:25
Montana,-289,2021-03-20,23:25
Saskatchewan,0,2021-03-20,23:25
TOTAL,-646,2021-03-20,23:25
﻿British Columbia,-345,2021-03-20,23:27
Montana,-277,2021-03-20,23:27
Saskatchewan,0,2021-03-20,23:27
TOTAL,-622,2021-03-20,23:27
﻿British Columbia,-348,2021-03-20,23:29
Montana,-281,2021-03-20,23:29
Saskatchewan,0,2021-03-20,23:29
TOTAL,-629,2021-03-20,23:29
